{
  "$schema": "https://schema.management.azure.com/schemas/2015-01-01/deploymentTemplate.json#",
  "contentVersion": "1.0.0.0",
  "parameters": {
    "adminUsername": {
      "type": "String",
      "metadata": {
        "description": "Admin username for VM"
      }
    },
    "adminPassword": {
      "type": "SecureString",
      "metadata": {
        "description": "Admin password for VM"
      }
    },
    "resourcePrefix": {
      "type": "Int",
      "metadata": {
        "description": "prefix for resources"
      }
    },
    "numberOfInstances": {
      "minValue": 1,
      "defaultValue": 2,
      "maxValue": 100,
      "type": "Int",
      "metadata": {
        "description": "Number of VMs to deploy, limit 40 since this sample is using a single storage account"
      }
    },
    "OS": {
      "defaultValue": "Ubuntu",
      "allowedValues": [
        "Ubuntu",
        "Windows"
      ],
      "type": "String",
      "metadata": {
        "description": "OS Platform for the VM"
      }
    }
  },
  "variables": {
    "addressPrefix": "10.0.0.0/16",
    "availabilitySetName": "myAvSet",
    "imageReference": "[variables(parameters('OS'))]",
    "publicIPAddressType": "Dynamic",
    "subnet1Name": "Subnet-1",
    "subnet1Prefix": "10.0.0.0/24",
    "subnet1Ref": "[resourceId('Microsoft.Network/virtualNetworks/subnets',variables('virtualNetworkName'),variables('subnet1Name'))]",
    "Ubuntu": {
      "publisher": "Canonical",
      "offer": "UbuntuServer",
      "sku": "16.04.0-LTS",
      "version": "latest"
    },
    "virtualNetworkName": "myVNET",
    "Windows": {
      "offer": "WindowsServer",
      "publisher": "MicrosoftWindowsServer",
      "sku": "2016-Datacenter",
      "version": "latest"
    }
  },
  "resources": [
    {
      "type": "Microsoft.Compute/availabilitySets",
      "name": "[concat(variables('availabilitySetName'),parameters('resourcePrefix'))]",
      "apiVersion": "2016-04-30-preview",
      "location": "[resourceGroup().location]",
      "properties": {
        "managed": "true",
        "platformFaultDomainCount": "2",
        "platformUpdateDomainCount": "2"
      }
    },
    {
      "apiVersion": "2016-03-30",
      "location": "[resourceGroup().location]",
      "name": "[variables('virtualNetworkName')]",
      "properties": {
        "addressSpace": {
          "addressPrefixes": [
            "[variables('addressPrefix')]"
          ]
          },
          "subnets": [
            {
              "name": "[variables('subnet1Name')]",
              "properties": {
                "addressPrefix": "[variables('subnet1Prefix')]"
              }
            }
          ]
        },
        "type": "Microsoft.Network/virtualNetworks"
      },
        {
            "type": "Microsoft.Network/publicIPAddresses",
            "name": "[concat('publicip', add(parameters('resourcePrefix'),copyindex()))]",
            "apiVersion": "2016-09-01",
            "location": "[resourceGroup().location]",
            "copy": {
                "name": "publicipLoop",
                "count": "[parameters('numberOfInstances')]"
            },
            "properties": {
                "publicIPAllocationMethod": "[variables('publicIPAddressType')]"
            }
        },
      {
        "type": "Microsoft.Network/networkInterfaces",
        "name": "[concat('nic', add(parameters('resourcePrefix'),copyindex()))]",
        "apiVersion": "2016-03-30",
        "location": "[resourceGroup().location]",
        "copy": {
          "name": "nicLoop",
          "count": "[parameters('numberOfInstances')]"
        },
        "properties": {
          "ipConfigurations": [
            {
              "name": "ipconfig1",
              "properties": {
                "privateIPAllocationMethod": "Dynamic",
                "subnet": {
                  "id": "[variables('subnet1Ref')]"
                },
                "publicIPAddress": {
                  "id": "[resourceId('Microsoft.Network/publicIPAddresses', concat('publicip', add(parameters('resourcePrefix'),copyindex())))]"
                }
              }
            }
          ]
        },
        "dependsOn": [
          "[variables('virtualNetworkName')]"
        ]
      },
      {
        "type": "Microsoft.Compute/virtualMachines",
        "name": "[concat('myvm',add(parameters('resourcePrefix'),copyindex()))]",
        "apiVersion": "2016-04-30-preview",
        "location": "[resourceGroup().location]",
        "copy": {
          "name": "virtualMachineLoop",
          "count": "[parameters('numberOfInstances')]"
        },
        "properties": {
          "availabilitySet": {
            "id": "[resourceId('Microsoft.Compute/availabilitySets', concat(variables('availabilitySetName'),parameters('resourcePrefix')))]"
          },
          "hardwareProfile": {
            "vmSize": "Standard_F1"
          },
          "osProfile": {
            "adminPassword": "[parameters('adminPassword')]",
            "adminUsername": "[parameters('adminUsername')]",
            "computerName": "[concat('vm',add(parameters('resourcePrefix'),copyindex()))]"
          },
          "storageProfile": {
            "imageReference": "[variables('imageReference')]",
            "osDisk": {
              "createOption": "FromImage",
              "managedDisk": {
                "storageAccountType": "Standard_LRS"
              }
            }
          },
          "networkProfile": {
		"networkInterfaces": [
            {
              "id": "[resourceId('Microsoft.Network/networkInterfaces',concat('nic',add(parameters('resourcePrefix'),copyindex())))]"
            }
           ]
          }
	},
        "dependsOn": [
          "nicLoop"
        ]
      }
    ]
}
