{
   "$scchema": "https://schema.management.azure.com/schemas/2015-01-01/deploymentParameters.json#",
 "contentVersion": "1.0.0.0", 
 "parameters": { 
          "adminUsername": {
          "value": "testuser" 
         },
         "adminPassword": { 
         "value": "Microsoft1234$"
         },
         "OS": {
         "value" : "Ubuntu"
         },
         "nicRg": { 
         "value": "examplerg"
         },
         "numberOfInstances": { 
         "value": 40
         },
         "resourcePrefix": { 
         "value": 0
        }
      }
}
