{
  "$schema": "https://schema.management.azure.com/schemas/2015-01-01/deploymentTemplate.json#",
  "contentVersion": "1.0.0.0",
  "parameters": {
    "resourcePrefix": {
      "type": "Int",
      "metadata": {
        "description": "prefix for resources"
      }
    },
    "numberOfInstances": {
      "minValue": 1,
      "defaultValue": 2,
      "maxValue": 100,
      "type": "Int",
      "metadata": {
        "description": "Number of VMs to deploy, limit 40 since this sample is using a single storage account"
      }
    }
  },
  "variables": {
    "publicIPAddressType": "Dynamic",
     "vnetID": "[resourceId('FKNETRG', 'Microsoft.Network/virtualNetworks', 'FKVNET')]",
     "subnet1Ref": "[concat(variables('vnetID'),'/subnets/','FKSubnet')]"
  },
  "resources": [
        {
            "type": "Microsoft.Network/publicIPAddresses",
            "name": "[concat('publicip', add(parameters('resourcePrefix'),copyindex()))]",
            "apiVersion": "2016-09-01",
            "location": "[resourceGroup().location]",
            "copy": {
                "name": "nicLoop",
                "count": "[parameters('numberOfInstances')]"
            },
            "properties": {
                "publicIPAllocationMethod": "[variables('publicIPAddressType')]"
            }
        },
      {
        "type": "Microsoft.Network/networkInterfaces",
        "name": "[concat('nic', add(parameters('resourcePrefix'),copyindex()))]",
        "apiVersion": "2016-03-30",
        "location": "[resourceGroup().location]",
        "copy": {
          "name": "nicLoop",
          "count": "[parameters('numberOfInstances')]"
        },
        "properties": {
          "ipConfigurations": [
            {
              "name": "ipconfig1",
              "properties": {
                "privateIPAllocationMethod": "Dynamic",
                "subnet": {
                  "id": "[variables('subnet1Ref')]"
                },
                "publicIPAddress": {
                  "id": "[resourceId('Microsoft.Network/publicIPAddresses', concat('publicip', add(parameters('resourcePrefix'),copyindex())))]"
                }
              }
            }
          ]
        }
      }
   ]
}
