{
  "$schema": "https://schema.management.azure.com/schemas/2015-01-01/deploymentTemplate.json#",
  "contentVersion": "1.0.0.0",
  "parameters": {
    "adminUsername": {
      "type": "String",
      "metadata": {
        "description": "Admin username for VM"
      }
    },
    "adminPassword": {
      "type": "SecureString",
      "metadata": {
        "description": "Admin password for VM"
      }
    },
    "resourcePrefix": {
      "type": "Int",
      "metadata": {
        "description": "prefix for resources"
      }
    },
    "nicRg": {
      "type": "String",
      "metadata": {
        "description": "ResourceGroup for NIC & Public IP resource"
      }
    },
    "numberOfInstances": {
      "minValue": 1,
      "defaultValue": 2,
      "maxValue": 100,
      "type": "Int",
      "metadata": {
        "description": "Number of VMs to deploy, limit 40 since this sample is using a single storage account"
      }
    },
    "OS": {
      "defaultValue": "Ubuntu",
      "allowedValues": [
        "Ubuntu",
        "Windows"
      ],
      "type": "String",
      "metadata": {
        "description": "OS Platform for the VM"
      }
    }
  },
  "variables": {
    "imageReference": "[variables(parameters('OS'))]",
    "publicIPAddressType": "Dynamic",
    "nicRG": "[concat(parameters('nicRg'),parameters('resourcePrefix'))]",
     "Ubuntu": {
      "publisher": "Canonical",
      "offer": "UbuntuServer",
      "sku": "16.04.0-LTS",
      "version": "latest"
    },
    "Windows": {
      "offer": "WindowsServer",
      "publisher": "MicrosoftWindowsServer",
      "sku": "2016-Datacenter",
      "version": "latest"
    }
  },
  "resources": [
      {
        "type": "Microsoft.Compute/virtualMachines",
        "name": "[concat('myvm',add(parameters('resourcePrefix'),copyindex()))]",
        "apiVersion": "2016-04-30-preview",
        "location": "[resourceGroup().location]",
        "copy": {
          "name": "virtualMachineLoop",
          "count": "[parameters('numberOfInstances')]"
        },
        "properties": {
          "hardwareProfile": {
            "vmSize": "Standard_F1"
          },
          "osProfile": {
            "adminPassword": "[parameters('adminPassword')]",
            "adminUsername": "[parameters('adminUsername')]",
            "computerName": "[concat('vm',add(parameters('resourcePrefix'),copyindex()))]"
          },
          "storageProfile": {
            "imageReference": "[variables('imageReference')]",
            "osDisk": {
              "createOption": "FromImage",
              "managedDisk": {
                "storageAccountType": "Standard_LRS"
              }
            }
          },
          "networkProfile": {
                "networkInterfaces": [
            {
              "id": "[resourceId(variables('nicRG'),'Microsoft.Network/networkInterfaces',concat('nic',add(parameters('resourcePrefix'),copyindex())))]"
            }
           ]
          }
         }
        }
       ]
}

